outcome,column,specification,coef,se,n_obs,n_counties,original_coef,original_se,difference
Dem Turnout Share,1,Basic,0.007236402277974061,0.0031432149665556516,986,87,0.007,0.003,0.00023640227797406058
Dem Turnout Share,2,Linear Trends,0.0011508271618352996,0.0014933750164956739,986,87,0.001,0.001,0.00015082716183529958
Dem Turnout Share,3,Quadratic Trends,0.0009376861695666213,0.001271267321241855,986,87,0.001,0.001,-6.231383043337868e-05
Dem Vote Share,4,Basic,0.028465351131998367,0.011344755585768706,1998,126,0.028,0.011,0.00046535113199836636
Dem Vote Share,5,Linear Trends,0.01086031349037137,0.00391523623917159,1998,126,0.011,0.004,-0.0001396865096286292
Dem Vote Share,6,Quadratic Trends,0.006523140938957569,0.003456574971778291,1998,126,0.007,0.003,-0.00047685906104243114
